#번호	번역(손질)	이유
00470	으으으음 이 파조트 노오옴!\n내 소중한 사테라 왕녀님께 무슨 짓을!{0005}	자모 ㅡ(파조트놈ㅡ!)
00998	{0015}오데간 성 아랫마을에 오신 것을 환영합니다\n그대로 곧장 들어오십시오.{0008}	성시(城市) 한자
00999	{0015}오데간 성·성 아랫마을은 이 앞!\n다리를 건너 곧장 나아가십시오.{0008}	城下町 통일(성시는 → 성 아랫마을은, 조사 받침)
01022	하아~, 한심하구먼…{0008}	장음 ー
01319	쿡쿡쿡, 하지만 혼자는 아니다\n{000A}, 너도 함께다\n너도 길동무다, 누와아아아아~!{0008}	장음 ー
01322	{000A}~! {000A}~!{0008}	장음 ー
01323	{000A}~! {000A}…{0008}	장음 ー
01325	{000A}~! {000A}~!\n제발… 대답해 줘…\n나는… 어떻게 해야 하지…{0008}	장음 ー
01330	고오오오오올{0004}	장음 ー
01335	고오오오오올{0007}	장음 ー
00019	{0015}{000E} 획득!{0004}	을(를) 뒤 공백이 부호 규칙에 지워짐 → 괄호 없는 표현
00148	어라?{000A} 아니냐!\n오랜만에 만나러 와 주었구나\n나는 여전히 밤 경비를 서고 있어.{0008}	띄어쓰기
00883	오?{000A} 아니냐!\n그렇군,역시 돌아왔던 것이냐?{0005}	띄어쓰기
01219	모래의 미궁에 가서 무사했다니\n{000A}는 정말 대단하구나!{0008}	이름 조사 은(는) → 는(가나 이름 = 모음 끝)
01228	{000A}가 모든 진의 미궁에서\n보주 오브를 되찾을 생각이라면\n우리 이야기를 기억해 두는 게 좋을 게야{0005}	이름 조사 이(가) → 가
01254	…{000A}, {000A}…\n…어서 일어나거라…{0008}	이름 뒤 «나»(や 오역) — 실기 스샷
S0241	나무 정령이나 동물과 이야기할 수 있다	메뉴 설명 창 21칸 초과(22)
S0242	여관에서 쉰 것과 같은 효과를 얻는다	메뉴 설명 창 21칸 초과(24)
00668	왕녀는 마법으로 잠재워 두었다…\n지금은 목숨에 지장은 없지만\n원래대로 되돌리고 싶으면 보옥을 넘겨라{0006}…라더군{0005}	«내놓으라고{0006},그렇게» 어색(원문 渡せ{0006}とな) — 실기 스샷 2026-10-04
