#원문 조건(이 글자가 원문에 있을 때만, 비면 늘)	찾기(정규식)	바꿈	근거
	(?<![국여])왕님	국왕님	王様 — 사용자 지정 2026-10-04
	임금님	국왕님	王様 — 사용자 지정
カーリ	카를리|컬리|카리	칼리	カーリー — 사용자 지정
パゾート	파조토	파조트	다수 63:10
ジャイルズ	자일즈	자일스	사용자 지정
バンボ	반보	밤보	사용자 지정
パルメキア	파르메키아	팔메키아	다수 9:1
グドー	그도	구도	다수 22:2
グエイド	그웨이드	구에이드	다수 2:1
グランシール	그랑시엘|그란실	그랑실	다수 2:2:1 → 그랑실
	다크 엘프	다크엘프	다수 42:5
	샤이닝소드	샤이닝 소드	시스템 목록 S0139
	헤비슈즈	헤비 슈즈	S0140
	점프슈즈	점프 슈즈	S0147
	쇼트소드|숏 ?소드	쇼트 소드	S0137
	배틀소드	배틀 소드	S0138
	매직핸드	매직 핸드	S0144
	라이프스톡	라이프 스톡	다수 없음 → 아이템 띄어쓰기에 맞춤
王女	공주	왕녀	王女 다수 144:18 (姫·プリンセス 줄 제외)
	성 아래 마을|성 아랫마을	성하마을	城下町 — 사용자 지정 2026-10-04 «성하마을»(지명 창 S0173 과 통일, 원문 조건 없음: 지명 목록은 가나 원문)
宝物庫	보물 ?창고	보물고	다수 4:3
大木	큰 나무	거목	다수 6:3
