#번호	고치기 전	고친 뒤
00196	옥좌에 있으면 {000A}님을 만날 수 있다고\n사테라 님은 가신 채로예요\n왕녀님도 지금은 순진한 그냥 소녀일 뿐이에요.{0008}	옥좌에 있으면 {000A}님을 만날 수\n있다고 사테라 님은 가신 채로예요 왕녀님도\n지금은 순진한 그냥 소녀일 뿐이에요.{0008}
00261	그렇지,무시무시한 벌이 기다리고 있지\n그런데…구도의 정령은 가 버렸느니라\n{000A}가 있는 곳으로 가 버렸단 말이다!{0008}	그렇지,무시무시한 벌이 기다리고 있지\n그런데…구도의 정령은 가 버렸느니라\n{000A}가 있는 곳으로 가 버렸단{0005}말이다!{0008}
00267	사테라의 마음은 잘 알겠으나…\n너무 큰 기대는 하지 않는 편이 좋을 것이야.{0008}	사테라의 마음은 잘 알겠으나… 너무 큰\n기대는 하지 않는 편이 좋을 것이야.{0008}
00277	너는 신참 {000A}구나?{0006}\n카이파 님이 아까부터 기다리고 계셔\n지금은 오른쪽 통로에서 대신과 이야기 중이야.{0008}	너는 신참 {000A}구나?{0006} 카이파\n님이 아까부터 기다리고 계셔 지금은\n오른쪽 통로에서 대신과 이야기 중이야.{0008}
00315	우리는 야간 경비 일인데\n아직 시간 있으니 이것저것 보고 오는 게 어때?{0005}	우리는 야간 경비 일인데 아직 시간\n있으니 이것저것 보고 오는 게 어때?{0005}
00382	요즘 왕께서 식욕이 없으신 만큼\n왕녀님께서 잘 드시고 계세요\n요전에는 소 한 마리를 순식간에 다 드셨다니까요!{0008}	요즘 왕께서 식욕이 없으신 만큼\n왕녀님께서 잘 드시고 계세요 요전에는\n소 한 마리를 순식간에 다 드셨다니까요!{0008}
00442	움직이는 석상으로 안 움직이는 석상이 움직일 때!\n왕가의 묘에서 움직이는 석상을 밀어 보면\n땅울림과 함께 방해되는 석상이 움직인다.{0008}	움직이는 석상으로 안 움직이는 석상이\n움직일 때! 왕가의 묘에서 움직이는 석상을\n밀어 보면 땅울림과 함께 방해되는 석상이{0005}움직인다.{0008}
00449	구도의 미궁은 금 간 바닥에 떨어져 봐라!\n한 단 높은 고지대 지형에 오르려면\n금 간 바닥에 구멍을 내고 떨어져 보는 거다.{0008}	구도의 미궁은 금 간 바닥에 떨어져 봐라!\n한 단 높은 고지대 지형에 오르려면 금\n간 바닥에 구멍을 내고 떨어져 보는 거다.{0008}
00451	미혹의 숲,잊혀진 고대의 보물!\n게으름뱅이 고대인이 발명한 보물은\n앉은 채로 물건을 집을 수 있는 제2의 손이다.{0008}	미혹의 숲,잊혀진 고대의 보물!\n게으름뱅이 고대인이 발명한 보물은 앉은\n채로 물건을 집을 수 있는 제2의 손이다.{0008}
00608	이걸로 너도 네 아버지에게 한 걸음 가까워졌구나\n나 말이냐?나는 그저 컨디션이 안 좋을 뿐이다\n와하하…콜록 콜록콜록.{0008}	이걸로 너도 네 아버지에게 한 걸음\n가까워졌구나 나 말이냐?나는 그저 컨디션이\n안 좋을 뿐이다 와하하…콜록 콜록콜록.{0008}
00668	왕녀는 마법으로 잠재워 두었다…\n지금은 목숨에 지장은 없지만\n원래대로 되돌리고 싶으면 보옥을 내놓으라고{0006},그렇게{0005}	왕녀는 마법으로 잠재워 두었다… 지금은\n목숨에 지장은 없지만 원래대로 되돌리고\n싶으면 보옥을 내놓으라고{0006},그렇게{0005}
00673	다만 혹시 납치당해 버리면\n국왕님이라 해도 더 이상 놈들에게 저항하지 못하고\n네 개의 오브를 넘겨주고 말 것이다.{0008}	다만 혹시 납치당해 버리면 국왕님이라\n해도 더 이상 놈들에게 저항하지 못하고\n네 개의 오브를 넘겨주고 말 것이다.{0008}
00711	북쪽 미혹의 숲은 신비한 곳이라\n나무의 정령 트렌트 같은 것도 있어\n자연의 목소리를 듣는 능력이 있으면 좋을 텐데.{0008}	북쪽 미혹의 숲은 신비한 곳이라 나무의\n정령 트렌트 같은 것도 있어 자연의\n목소리를 듣는 능력이 있으면 좋을 텐데.{0008}
00737	예전에 우리 할아버지가 말씀하시길\n싸워서 전투가 능숙해지는 건 기술이고\n싸움에서 이것저것 깨닫는 게 경험이라고 하셨어.{0008}	예전에 우리 할아버지가 말씀하시길 싸워서\n전투가 능숙해지는 건 기술이고 싸움에서\n이것저것 깨닫는 게 경험이라고 하셨어.{0008}
00813	{0002}어머,그럼 누구라는 거예요\n파조트의 부하가 변신한 거라도 된다는 건가요?{0005}	{0002}어머,그럼 누구라는 거예요 파조트의\n부하가 변신한 거라도 된다는 건가요?{0005}
00854	{000A}님이시라면 아시겠죠!\n백조에서 원래 모습으로 되돌리는 여행을 해 오시며\n사테라를 이해해 주셨을 거라 믿어요.{0008}	{000A}님이시라면 아시겠죠! 백조에서\n원래 모습으로 되돌리는 여행을 해 오시며\n사테라를 이해해 주셨을 거라 믿어요.{0008}
00896	하지만 {000A}는 백조 왕녀를 구해\n이렇게 데리고 돌아와 주었다\n{000A}라면 분명 꿰뚫어 볼 수 있을 것이다!{0008}	하지만 {000A}는 백조 왕녀를\n구해 이렇게 데리고 돌아와 주었다\n{000A}라면 분명 꿰뚫어 볼 수 있을{0005}것이다!{0008}
01054	마을 남서쪽 모퉁이에 마법사의 저택이 있는데\n왠지 꺼림칙한 사람들이 잔뜩 드나들어\n왜 저런 자들을 그냥 두는 걸까?{0008}	마을 남서쪽 모퉁이에 마법사의 저택이\n있는데 왠지 꺼림칙한 사람들이 잔뜩\n드나들어 왜 저런 자들을 그냥 두는 걸까?{0008}
01055	그 할머니…아주 고약하다고!\n이 나라가 망한다는 둥 말했지만\n이렇게 평화로운 나라에 아무 일도 일어날 리 없지.{0008}	그 할머니…아주 고약하다고! 이 나라가\n망한다는 둥 말했지만 이렇게 평화로운\n나라에 아무 일도 일어날 리 없지.{0008}
01172	블레이즈는 공격용 스페셜 마법이다!\n세 가지는 미궁의 수수께끼 풀이에 응용되지만\n불의 마법은 공격이 주력이다.{0008}	블레이즈는 공격용 스페셜 마법이다!\n세 가지는 미궁의 수수께끼 풀이에\n응용되지만 불의 마법은 공격이 주력이다.{0008}
01196	라라라,모래의 미궁의 돌 조각상은\n스위치를 누르면 그냥 모래가 돼\n다시 한 번 스위치를 누르면 원래 자리로,라라라.{0008}	라라라,모래의 미궁의 돌 조각상은\n스위치를 누르면 그냥 모래가 돼 다시 한\n번 스위치를 누르면 원래 자리로,라라라.{0008}
01198	모래의 미궁의 단차 있는 통로는\n열리지 않는 문을 열어 모래를 흘려보내는 거다!\n숨겨진 스위치를 찾아라.{0008}	모래의 미궁의 단차 있는 통로는 열리지\n않는 문을 열어 모래를 흘려보내는\n거다! 숨겨진 스위치를 찾아라.{0008}
01362	하지만 {000A}는 죽게 하고 싶지 않아요\n당신은 정말 잘해 주었는걸요\n그런 사람을…죽게 할 수는 없어요!{0008}	하지만 {000A}는 죽게 하고 싶지\n않아요 당신은 정말 잘해 주었는걸요\n그런 사람을…죽게 할 수는 없어요!{0008}
01395	「그대,물의 오브를 지닌 자라면\n 이 미궁에 도전할 자격이 있는 자로 인정하겠다\n 지니지 않았다면 물러가거라!」{0008}	「그대,물의 오브를 지닌 자라면 \n이 미궁에 도전할 자격이 있는 자로\n인정하겠다  지니지 않았다면 물러가거라!」{0008}
01406	거인이 잠든 지저의 늪으로 이어지는 미궁 위에\n오데간 성이 세워졌다고 들었어\n진들도 분명 그곳에 있을 거야.{0008}	거인이 잠든 지저의 늪으로 이어지는\n미궁 위에 오데간 성이 세워졌다고\n들었어 진들도 분명 그곳에 있을 거야.{0008}
01437	엘프의 보물 페가수스 헬름을 쓰면\n바람의 미궁을 자유롭게 돌아다닐 수 있을 게야{0005}	엘프의 보물 페가수스 헬름을 쓰면 바람의\n미궁을 자유롭게 돌아다닐 수 있을 게야{0005}
