c18c689dc4	日
6a1661faaf	巨
081bb35cc8	書
0392756ec3	箱
31ee255390	「
72fcf7f784	」
6b48e6095c	解
512e37cfbd	鍵
44af97e8d8	々
76c50402db	家
38ff542c84	夕
1da5688581	自
e99a50c7db	千
f5fcda760d	声
27ec91d5d3	土
96c367e75c	運
df076d38ea	飲
5c07ac3092	押
bf46fad83a	寄
b2218e6141	重
a507afe098	簡
59bd8f230b	漠
661f639a79	士
ce413118e6	閉
703aacb446	井
14305214cd	英
c8346c866f	岬
c810966a76	緒
0d58563704	掛
5172c959f5	賢
5f18b9d52a	布
7ee562459b	衛
de158b0de8	験
64d88c6214	線
05ba036138	特
2b6a690df2	捜
5c3ce88eb6	捕
6fa6bc7572	騎
c2f642c235	飯
f303a43e21	巣
795535be01	機
58e58523ad	隠
0531c829b3	慣
7f7f7173fb	迎
42491fc680	闇
15f4acb6a6	観
0857b9f0d2	警
78c63a531f	央
71343581a3	寛
5c094b0c83	勢
226933bd07	驚
4e3fba9f41	熱
a4ab3111a2	愛
6797aa6bc7	疑
f6fa1919fe	駄
43de0236f8	損
27044973dc	騒
ba13cd28d5	習
e58583ad17	末
e8cf121a6e	暮
876ce8f5bc	極
17785b4e0c	罰
3b9ab84064	二
bc6911e9dc	資
9ccedff720	興
ef51f4c015	扱
6fe693cbcf	眺
0487bbdb75	秒
b2bf53a007	申
ae489480c9	伸
272aa1f43e	滅
