1570affa87	白	697/697	42	白697
c7de54235c	鳥	693/693	42	鳥693
5c064da150	様	607/617	42	様607
ac443e1f13	城	353/395	42	城353
661f639a79	主	270/360	42	主270 占89
7ebdc6f123	剣	333/333	42	剣333
3b71d77253	王	324/328	16	王324 年1
d112d3e1e0	前	316/317	42	前316
7747cd6466	理	304/304	42	理304
9e7ad6bd3d	気	304/304	42	気304
f58dc6a7a6	見	301/301	42	見301
b74f73abdf	何	282/282	42	何282
503cd17793	出	275/275	42	出275
75a43669c1	大	226/273	42	大226
872b756a9b	記	224/266	42	記224 己42
f6d0a3a95d	録	264/264	42	録264
4beeceb62a	不	226/226	42	不226
04dfb7a18c	存	213/213	42	存213
4ce16a23cc	保	212/212	42	保212
d38857157d	容	210/210	42	容210
ece48b181d	量	210/210	42	量210
c32822a2c5	思	202/204	42	思202 田1
d4f01c92a6	険	202/202	42	険202
3d0240ebe4	冒	196/196	42	冒196
99d87b030f	者	190/190	42	者190
25336b971a	女	188/189	14	女188
b7d7f4eaf9	行	179/183	42	行179 何4
42110e62e4	足	181/181	42	足181
3f5ee19b8c	物	181/181	42	物181
763152fc0b	魔	179/180	42	魔179
43cbfd67be	殿	133/180	42	殿133
ea01132357	持	176/176	42	持176
a2b178d1b0	供	174/174	42	供174
1906251734	従	171/171	42	従171
40bec8070d	私	170/170	42	私170
91e4a3f4c5	来	162/162	42	来162
28c00ca0a9	今	158/161	42	今158 兮3
c18c689dc4	目	152/153	42	目152 日1
394705c69d	法	152/152	42	法152
38fbad6df4	入	147/148	42	入147 人1
cc1c03df95	方	148/148	42	方148
5d9d7dbbfa	人	94/148	19	人94 臥52
3ac7cf0919	生	144/144	42	生144
b62c309234	合	143/143	42	合143
1e3d748870	宝	141/141	42	宝141
d714261f7e	世	141/141	42	世141
69e892c6d0	聞	135/141	42	聞135 開5
9a1fdb839b	込	137/137	42	込137
e5afa33831	手	135/135	42	手135
d958146f8a	本	133/134	42	本133 体1
f20fa230fe	地	134/134	42	地134
a55076f055	選	130/130	42	選130
9b53421733	変	129/129	42	変129
a1490a7b20	上	128/128	42	上128
9df5f734e7	目	122/122	42	目122
48c653bba9	立	115/115	42	立115
dfb9668a98	後	115/115	42	後115
6819f6107e	迷	110/114	25	迷110 述1
c0f0eb76c2	分	110/111	42	分110
623132c783	面	109/109	42	面109
364afe0317	新	104/104	42	新104
eddedb1a4d	備	104/104	42	備104
ac7c448c7e	外	104/104	42	外104
b09d1094fb	消	100/102	42	消100 肖2
b0d963ef18	体	101/101	42	体101
6a1661faaf	?	0/100	42	
52f3249c93	身	99/99	42	身99
74b5ae9055	下	99/99	42	下99
a1d08a23cb	場	98/98	42	場98
2aedf0dad5	会	98/98	42	会98
bd6654654a	品	98/98	42	品98
23b9714798	兵	94/94	42	兵94
b2bf53a007	中	93/93	42	中93
1d08cfa3cf	中	93/93	42	中93
4eae8face9	宮	92/93	22	宮92 呂1
a6c1aeca01	力	73/92	19	力73
081bb35cc8	冒	88/90	42	冒88
a79049e4dc	再	89/89	42	再89
833b35887c	準	88/88	42	準88
e3fa3f6c2c	使	87/87	42	使87
61ac8b6f83	心	87/87	42	心87
778eeee683	浮	85/87	42	浮85
fca815d594	知	86/86	42	知86
0b75c93547	画	85/85	42	画85
0d68c3bd25	管	84/84	42	管84
da4d634925	料	84/84	42	料84
b2acda9607	所	79/79	42	所79
e4df06c480	助	75/75	42	助75
85073ca456	西	73/73	16	西73
6af6159c05	取	70/70	42	取70
6a5906fb95	伝	68/68	42	伝68
75342ea60f	先	67/67	42	先67
a9bd4bbcd0	国	67/67	14	国67
f2f01dd3e5	頼	64/66	42	頼64 順1
39e15b1103	眠	65/66	15	眠65 用1
2c6048b5b1	全	64/64	42	全64
cc61a154c5	戻	64/64	42	戻64
605e804e28	町	64/64	42	町64
194e728fa5	考	61/61	42	考61
15b1bdaf9a	敵	61/61	42	敵61
139a54ae93	連	59/60	42	連59
e0858c6f97	以	60/60	42	以60
0392756ec3	範	4/59	42	範4
780e7f9bde	直	59/59	42	直59
73e7e31ac5	事	58/58	14	事58
823679253f	空	56/56	42	空56
92a3bb921d	味	56/56	42	味56
1f7117d156	一	6/56	17	一6
bf236ad870	必	55/55	42	必55
14846b70cd	要	55/55	42	要55
aa0666b9ad	石	55/55	42	石55
895daa084f	役	55/55	42	役55
adc1276ad3	感	55/55	42	感55
74a73656ad	無	53/54	42	無53 虹1
062bc06989	朝	54/54	42	朝54
e59bc732a6	戦	52/53	18	戦52
a9f489e30c	時	53/53	23	時53
ae373ef6bd	帰	53/53	13	帰53
9df51df103	落	51/51	42	落51
1a9cfbd21a	柄	51/51	42	柄51
1d678a2f71	頭	50/51	42	頭50 頁1
fea21182a0	長	51/51	12	長51
31ee255390	?	0/50	42	
72fcf7f784	?	0/50	42	
1f98e4be3d	若	50/50	42	若50
d6f8b2e8ef	失	49/49	42	失49
d8df981345	性	49/49	42	性49
fb724b2d89	関	49/49	42	関49
6b48e6095c	解	49/49	17	解49
b4d555170e	断	48/48	42	断48
5389ff6ee0	流	48/48	42	流48
2742129452	当	48/48	13	当48
2800e4af01	係	47/47	42	係47
168a73be14	歩	47/47	42	歩47
daa82e1871	格	46/46	42	格46
2eded846e1	登	46/46	42	登46
60e24312c5	素	46/46	42	素46
8f48b8c3f5	通	46/46	13	通46
5fc2c9805e	間	46/46	15	間46
b7feda0a98	敗	45/45	42	敗45
a93c486837	整	44/44	42	整44
6812bbbf8c	痛	44/44	42	痛44
d34bbf80d2	禁	43/43	42	禁43
548ccc90a7	境	43/43	42	境43
0ad0e17f05	腹	43/43	42	腹43
31b570ff76	触	43/43	42	触43
6f737cdc08	処	42/42	42	処42
f83c0077fa	更	42/42	42	更42
c4856e258c	規	42/42	42	規42
512e37cfbd	?	0/42	42	
f10c7c2462	茶	42/42	42	茶42
802914faa3	飼	42/42	42	飼42
36c5ae8d2b	胆	42/42	42	胆42
c264768d48	芸	42/42	42	芸42
349d956598	季	42/42	42	季42
e3200efec9	節	42/42	42	節42
bf0629640f	倒	42/42	16	倒42
ae58095d87	話	42/42	9	話42
2dd733baf9	向	41/41	14	向41
701c7bce5b	言	38/41	17	言38
6a85462985	精	41/41	16	精41
1d08a203f3	放	41/41	15	放41
874984c9b3	子	39/40	13	子39
dd38677348	砂	37/38	12	砂37
ac57c8aba9	命	36/37	11	命36
7718c736f4	水	36/36	12	水36
898010d19b	玉	36/36	11	玉36
8acdf14c58	用	36/36	13	用36
640318b05c	活	35/35	17	活35
687389787f	夜	33/35	12	夜33 在2
9d0762c552	村	34/35	9	村34
f3367a14db	悪	35/35	16	悪35
edaf90309c	残	32/33	15	残32 法1
44af97e8d8	?	0/33	12	
12f401ce4c	起	33/33	12	起33
7f1481a027	動	32/32	13	動32
061536c541	守	30/30	12	守30
6292e1540e	老	30/30	5	老30
76c50402db	棠	28/29	9	棠28 泉1
f332202921	追	27/28	11	追27
7b18be044a	少	27/27	14	少27
42d0891c6a	待	27/27	9	待27
f8f37620a1	年	26/26	14	年26
dc2c86569b	続	25/26	11	続25
261c8444b0	早	25/25	12	早25
2faa06e41b	勇	25/25	12	勇25
eb9563804c	谷	25/25	11	谷25
ba7b3f6626	彼	24/24	11	彼24
060148cee1	元	23/24	11	元23
bece0e0c8d	族	24/24	9	族24
88b2913928	回	24/24	10	回24
fc0f86edf9	配	24/24	12	配24
52f40cdce9	軍	24/24	7	軍24
8cf1f901f9	度	24/24	14	度24
9232e71bdd	封	23/23	10	封23
38ff542c84	?	0/23	6	
f3c34f9d0f	復	22/22	12	復22
558a462a16	平	22/22	6	平22
1396734d2a	和	22/22	6	和22
fe009a2545	最	21/21	15	最21
55ec3a3ef3	風	20/21	9	風20
502024c9ed	道	21/21	12	道21
c03165eb88	楽	21/21	12	楽21
b74dcc52b5	強	20/20	10	強20
f619bc0eea	現	20/20	11	現20
edbc00204f	光	20/20	9	光20
a23eeeb2b0	父	20/20	9	父20
22a1a0562d	返	20/20	9	返20
b784bd9a5c	北	18/20	12	北18
5aa24c31c8	渡	20/20	11	渡20
f11f06b959	樹	19/19	9	樹19
6ac13e0b0d	初	19/19	10	初19
ea3b45da1e	火	17/19	10	火17 灰1
4db727e4bd	近	19/19	9	近19
575a52b20d	霊	18/19	8	霊18
5dcaf99f7d	東	19/19	10	東19
10c4db4eb7	勤	19/19	7	勤19
17b7a2d74e	件	19/19	7	件19
74d45c10f6	墓	19/19	5	墓19
afe7513835	底	18/18	12	底18
6a1028906c	我	18/18	10	我18
c18ce8105d	仕	18/18	6	仕18
cd4226fb79	教	18/18	11	教18
7dde08b980	開	18/18	8	開18
166169ac42	止	18/18	7	止18
1da5688581	白	18/18	10	白18
f66855a2a3	抜	18/18	6	抜18
2eb43ed18a	死	18/18	11	死18
4114e713ac	説	17/18	8	説17 謙1
05b6d825d9	念	17/17	14	念17
c7f5bd4ac3	進	17/17	9	進17
1b443618e4	色	17/17	7	色17
bb333403f5	臣	17/17	5	臣17
ed2bcd0cdc	側	17/17	5	側17
0771c7ce3f	意	15/16	13	意15 思1
f9aa6ee870	病	16/16	6	病16
70fbec05f2	信	16/16	6	信16
3ed57ab626	沼	16/16	10	沼16
9fefeffc68	正	16/16	9	正16
e587d83bf7	救	16/16	10	救16
7f631713fb	受	16/16	7	受16
34b4aecb3a	与	15/15	10	与15
a8276cc858	急	15/15	10	急15
1dfb3567a3	名	15/15	11	名15
02d997734a	金	10/15	7	金10
a90a5d5d3b	明	14/14	11	明14
e99a50c7db	午	13/14	8	午13 千1
8c2619ff6f	怖	14/14	8	怖14
8f3858a6f5	休	14/14	6	休14
6d869bdfe1	調	14/14	6	調14
5cf61d919e	南	14/14	8	南14
fb858b073b	切	14/14	10	切14
ac9c163d73	呼	13/13	9	呼13
dd95b4df20	神	13/13	8	神13
a59611f501	界	13/13	10	界13
f5fcda760d	靑	13/13	9	靑13
17d38c1c88	姿	12/13	7	姿12 屡1
f2d9f31383	木	13/13	6	木13
0f654fe389	効	13/13	8	効13
ffc7260584	薬	13/13	5	薬13
5334a93664	顔	13/13	8	顔13
c5c7bf9684	成	13/13	7	成13
8be33ab30c	息	12/13	8	息12
8893af6874	良	13/13	8	良13
47d3179822	寝	12/13	6	寝12
240339ffd3	攻	13/13	4	攻13
99c66963ea	次	12/12	8	次12
c26581fa17	森	11/12	8	森11 淼1
27ec91d5d3	圭	9/12	5	圭9 士3
78faf677e9	仙	12/12	6	仙12
cc45581073	親	1/12	9	親1
42781de2a9	路	12/12	7	路12
ecdca438b1	屋	12/12	7	屋12
dc1aed90fd	利	12/12	11	利12
1a25905492	撃	12/12	4	撃12
17f8583003	技	12/12	3	技12
fe2f12ad25	勝	1/11	8	勝1
8546b6fa74	導	11/11	6	導11
7ca48dba1d	師	11/11	5	師11
0555916f3a	住	11/11	6	住11
43266a3086	功	11/11	3	功11
7fddaa4898	去	11/11	7	去11
d33fa3a799	陣	11/11	2	陣11
c8fd6018b7	旅	11/11	8	旅11
bf7d5e2091	仲	9/11	5	仲9 中2
2166a71865	速	11/11	7	速11
60f45cbbfe	忘	11/11	9	忘11
ac2fe5d1d3	飛	11/11	6	飛11
0f49252eb0	多	11/11	8	多11
8bf6935644	部	11/11	8	部11
8133e47d39	令	10/11	4	令10
f9eb14f726	食	11/11	3	食11
fe6e2b052a	化	10/11	6	化10
3304f8b393	泊	11/11	3	泊11
e029d87fe9	他	11/11	6	他11
1d75fb69d1	美	10/10	6	美10
069fc1f7d8	望	10/10	8	望10
0a7e2e1427	覚	9/10	6	覚9 見1
96c367e75c	遅	9/10	6	遅9 遇1
6e34010c7d	減	10/10	4	減10
de068cbbeb	安	10/10	6	安10
5f79bb53ce	鏡	1/10	4	鏡1
41845b9384	終	10/10	5	終10
cca2590e1c	違	9/10	7	違9 産1
c6b55d08b7	対	10/10	8	対10
3b43eeb17c	山	10/10	6	山10
c3cc77ff13	宿	10/10	5	宿10
7f7696d61e	装	10/10	6	装10
df076d38ea	?	0/10	4	
9c931856c5	米	9/9	5	米9
dd1c8a0448	門	9/9	6	門9
838bbe4a9c	辺	9/9	5	辺9
1280fa1960	果	9/9	8	果9
9bf5fb2645	破	9/9	5	破9
b2e35e73f6	血	9/9	5	血9
a93b21f100	内	9/9	8	内9
5c07ac3092	惲	9/9	4	惲9
0edb2de4c7	数	9/9	5	数9
ba4e1643c7	危	9/9	7	危9
b3124697bb	代	9/9	6	代9
99c5eaf132	恐	9/9	7	恐9
60cb96dd51	探	9/9	7	探9
f1af570ef9	能	2/8	7	能2
9b08cc4dee	像	8/8	4	像8
16f11062fd	階	8/8	4	階8
8785f3bfaa	妖	8/8	3	妖8
0f9fa5e94a	盗	8/8	5	盗8
24182028a9	実	8/8	5	実8
3f7b269594	男	8/8	5	男8
aab2dd968e	争	8/8	7	争8
691028e25d	遅	7/8	5	遅7
1992414a5d	庫	8/8	3	庫8
e02ef95967	決	8/8	7	決8
db29d17cf1	逃	8/8	4	逃8
5a4cb7f5b2	古	8/8	5	古8
3d1c444184	的	8/8	6	的8
1508afa792	写	8/8	3	写8
b6f6f428d0	困	6/7	6	困6
444b8c2cd0	願	7/7	5	願7
bf46fad83a	嵜	7/7	5	嵜7
0031fdcf2b	怪	7/7	6	怪7
e85870e8b2	頂	7/7	5	頂7
9f617c3caa	広	7/7	5	広7
917ee9bfae	負	7/7	7	負7
2c96e29311	引	7/7	4	引7
e7530f8041	天	7/7	4	天7
30253f13f2	許	7/7	4	許7
0759e28517	然	7/7	5	然7
3df20dc424	右	7/7	3	右7
adb37e2aa0	具	7/7	3	具7
24e52cc6f9	段	7/7	4	段7
7b1e5a808f	情	6/7	5	情6 同1
ebd62005b1	議	7/7	6	議7
57ed8fe204	払	7/7	3	払7
e3fd904caa	口	6/7	4	口6
6c58c2607d	酒	7/7	5	酒7
d00b753d71	災	2/7	5	災2
24367b6032	集	7/7	4	集7
a013f7fee6	陸	7/7	7	陸7
5199bf6ffe	貨	1/7	7	貨1
3f68a3a8c3	枚	7/7	7	枚7
d8b8ef4590	岩	7/7	5	岩7
512f37abc2	張	7/7	4	張7
5d9504e17e	幸	7/7	4	幸7
33f24834d8	同	7/7	6	同7
3157a4d25f	泉	7/7	2	泉7
7ffaf78aaa	聖	6/6	6	聖6
a0bb087239	躍	6/6	5	躍6
0e89588acc	君	5/6	5	君5
b7030adf8a	扉	6/6	5	扉6
b2218e6141	?	0/6	6	
e5945cb980	葉	6/6	3	葉6
a73f8cc66f	野	6/6	5	野6
58920ace73	昔	5/6	5	昔5
1cec4c3086	音	6/6	5	音6
25760de7f6	番	6/6	4	番6
a4f06116f6	庭	6/6	4	庭6
f9c634efd0	好	6/6	5	好6
7067e840a0	絶	6/6	6	絶6
b2121e5e33	真	6/6	5	真6
954a4b4ac6	奥	6/6	5	奥6
e38157fd7d	移	6/6	4	移6
8e74737432	川	6/6	4	川6
242cf089a9	誰	6/6	4	誰6
178d03413b	学	6/6	3	学6
0bc9d95e36	訳	6/6	3	訳6
2294095dbf	有	6/6	5	有6
8eb9e5872e	呪	6/6	5	呪6
a507afe098	簡	6/6	4	簡6
3231df2a5a	単	6/6	4	単6
59bd8f230b	濮	5/6	5	濮5 漠1
6dbb6f19ad	借	6/6	5	借6
2ad26a708c	応	6/6	6	応6
b8fbfc3137	作	6/6	4	作6
75aea87a2b	加	6/6	2	加6
0c9d83ef14	貸	5/5	3	貸5
ec0d4dd47f	相	5/5	5	相5
c25810522e	試	5/5	5	試5
92d0146958	限	5/5	3	限5
568a30e580	文	5/5	5	文5
ce413118e6	閉	5/5	3	閉5
98d591e221	客	5/5	4	客5
81761d4469	仮	5/5	3	仮5
37f8f13f91	久	5/5	5	久5
cffc71d3f1	弱	4/5	4	弱4
fe913b60b5	求	5/5	5	求5
3368ac6327	注	4/5	5	注4 王1
dc7d72791e	座	5/5	4	座5
e2bd27d8c4	印	5/5	3	印5
203e8a82e4	確	5/5	5	確5
06da072e70	着	5/5	5	着5
091d6a8440	由	5/5	4	由5
585c6d1a15	欲	5/5	3	欲5
7f27bf5a3e	打	5/5	4	打5
1e70769c52	甘	5/5	3	甘5
b83573e45e	得	5/5	4	得5
97dba37aa9	告	5/5	3	告5
dc736f7bf0	発	5/5	4	発5
a337517635	器	5/5	3	器5
1d6ce4d0cb	似	5/5	3	似5
6e4bae5693	姫	5/5	3	姫5
55373b0f3e	預	5/5	4	預5
966bd9334b	毒	5/5	2	毒5
5ac8c66e98	双	4/5	5	双4
4b5adb0a2b	表	5/5	2	表5
07c723d877	反	5/5	4	反5
4cae27d84e	左	5/5	2	左5
839128129e	晶	5/5	2	晶5
c389e5941a	遊	3/5	3	遊3 進2
c9eb6246ca	青	5/5	3	青5
703aacb446	非	5/5	1	非5
a579cb603e	戸	5/5	1	戸5
a3d96d6fc6	遠	3/4	4	遠3
c9497e697c	液	4/4	1	液4
15f155d6d0	芽	4/4	1	芽4
ae489480c9	仲	4/4	1	仲4
c07c39186d	頃	4/4	4	頃4
5917094bb6	恋	4/4	3	恋4
8d7e966f3d	散	3/4	3	散3
7ca11e2b12	首	4/4	4	首4
453e0d0ec9	報	4/4	4	報4
9078665c21	案	4/4	4	案4
14305214cd	芙	4/4	4	芙4
ecd28c2c1c	雄	4/4	4	雄4
2e5a60bcbf	異	4/4	2	異4
8b36be4aaa	棟	4/4	2	棟4
d9ff752919	約	4/4	4	約4
0de7503e13	越	4/4	3	越4
91552e7a89	毎	4/4	3	毎4
dbc7b659ef	歌	4/4	2	歌4
5b415583e5	銘	1/4	2	銘1
f084431ef3	狙	4/4	4	狙4
24c8345493	順	4/4	2	順4
38036c209c	突	4/4	4	突4
e6e2acf64b	位	4/4	4	位4
4519123021	交	4/4	4	交4
0425877c5b	増	4/4	3	増4
e0d1e411e1	炎	4/4	3	炎4
032f9bed32	壁	4/4	3	壁4
a3b540bf91	横	4/4	3	横4
b0f4d224d0	筋	4/4	1	筋4
971aedb7ce	夢	4/4	4	夢4
b767819788	詰	3/4	4	詰3 吐1
2ec3daf37c	原	4/4	2	原4
24e12b821d	因	4/4	2	因4
cb3c3fc0f4	跳	4/4	3	跳4
f40c441590	草	4/4	2	草4
386cfd99bd	深	4/4	2	深4
c8346c866f	蟀	3/4	3	蟀3 呷1
f9825a9a22	帯	4/4	3	帯4
d9bffe8e2f	都	4/4	1	都4
f52a950ee8	兄	4/4	2	兄4
3f13bbbf7b	館	4/4	1	館4
910247c593	友	4/4	4	友4
f3427268c6	鋭	4/4	2	鋭4
eadbfa26e5	夏	4/4	2	夏4
cf5f24beca	難	4/4	2	難4
c20a37ac62	油	3/3	3	油3
bfc0b0ebfa	娘	3/3	3	娘3
e0ddbdb91b	永	3/3	2	永3
2b012d5035	片	3/3	2	片3
d926e2ec10	刻	3/3	3	刻3
d7e3e49b6f	固	2/3	2	固2 周1
092a8dc2a3	付	3/3	3	付3
0f5698d50a	小	2/3	2	小2 卩1
3255f314a1	種	3/3	3	種3
fae36f8ae0	棈	3/3	3	棈3
6303bce11a	振	3/3	2	振3
67fb0aefff	十	3/3	3	十3
b3432a064b	任	3/3	3	任3
660b906280	苦	3/3	3	苦3
4ddf163416	逆	3/3	3	逆3
66f38fbc67	笑	3/3	3	笑3
ccb07e8239	派	3/3	2	派3
2f5edcc102	冷	3/3	3	冷3
ea59654bb3	並	3/3	3	並3
2e5112d895	期	3/3	3	期3
9c412f346f	常	3/3	2	常3
e4ac73d541	朿	3/3	3	朿3
56d1e1b6f6	課	3/3	2	課3
49c6d03847	忙	3/3	2	忙3
708d6c2561	承	3/3	3	承3
18be98a638	員	3/3	2	員3
541b8d6349	建	3/3	2	建3
907cabb0d9	売	3/3	3	売3
7136d73d31	昼	3/3	3	昼3
a183e16643	細	3/3	3	細3
c810966a76	?	0/3	2	
116d990488	沈	3/3	3	沈3
0767f20a85	床	3/3	1	床3
a5bd73cd6f	割	2/3	3	割2 劇1
90300b12e2	斬	3/3	2	斬3
19ec535976	始	3/3	3	始3
f36abb2154	高	3/3	3	高3
0adb438aa2	企	3/3	2	企3
b65c04c04d	主	3/3	3	主3
e1c8df1a39	称	3/3	1	称3
ec64a13003	号	3/3	1	号3
bfddafaec2	貝	3/3	3	貝3
3741a9f9bc	読	3/3	3	読3
f663da7d47	角	3/3	2	角3
a62812e09e	適	3/3	2	適3
d2f83ad3f1	耳	3/3	3	耳3
bea0134c8a	修	3/3	3	修3
f80abd9e28	静	3/3	3	静3
fd902c1ce0	偉	3/3	3	偉3
63f94e2c40	闘	3/3	2	闘3
fc3ff08173	海	3/3	2	海3
fcc21a2ebc	降	3/3	2	降3
50849ebe73	巧	3/3	3	巧3
9b7774945e	黒	3/3	2	黒3
03df0505bf	認	3/3	3	認3
50a032098c	馬	3/3	2	馬3
ed4c376018	隊	3/3	2	隊3
db99b1b43c	商	3/3	2	商3
2c852accdb	凍	3/3	2	凍3
2818731c88	育	3/3	1	育3
c1788fa8e7	授	3/3	2	授3
9d2efa5214	荒	2/2	2	荒2
a18dba716f	別	2/2	2	別2
fb66357a6a	根	2/2	2	根2
6e69764a0f	抵	2/2	2	抵2
ca57566301	結	2/2	2	結2
f6b3ae5ee5	過	2/2	2	過2
4a9571a917	民	2/2	1	民2
7c18011814	舞	2/2	2	舞2
ef78222993	母	2/2	2	母2
2f77c8e518	責	2/2	2	責2
562cff4fab	労	2/2	1	労2
f57cd744cf	悲	2/2	2	悲2
b3b673f767	洞	2/2	2	洞2
6dae71292a	窟	2/2	2	窟2
432a374982	証	2/2	2	証2
bf20c99a4a	程	2/2	2	程2
8b779ea92f	達	2/2	2	達2
9e5540299c	改	2/2	2	改2
0d58563704	鄙	2/2	2	鄙2
36c23a9ba2	軽	2/2	2	軽2
9353c0eb57	万	2/2	2	万2
aa5ce4c0bf	可	2/2	2	可2
a69680f334	治	2/2	2	治2
15b91948e4	武	2/2	2	武2
dba0aa282a	匹	2/2	2	匹2
0f3d30d61f	操	2/2	2	操2
bd0cb85e9b	厄	2/2	2	厄2
6b6f885d09	抗	2/2	2	抗2
7f7a931679	形	2/2	1	形2
42bbea4267	弾	2/2	1	弾2
26386e092e	投	2/2	2	投2
2243c8749c	台	2/2	2	台2
72d1a78524	第	2/2	2	第2
7ad672c92b	在	2/2	2	在2
5172c959f5	贄	2/2	2	贄2
58231757da	毛	2/2	2	毛2
5f18b9d52a	弗	2/2	2	弗2
f2ca6ec16e	狂	2/2	2	狂2
7ee562459b	鵆	2/2	1	鵆2
38e12b1c87	替	2/2	2	替2
f1322232cc	差	2/2	2	差2
922413e132	贈	2/2	2	贈2
113a178bdf	経	2/2	2	経2
de158b0de8	?	0/2	2	
0701fabead	送	2/2	2	送2
74351307cd	虹	2/2	1	虹2
64d88c6214	綜	2/2	1	綜2
44f95a6039	射	2/2	2	射2
5771394a73	才	2/2	2	才2
05ba036138	持	2/2	2	持2
6c1868cbcc	質	2/2	2	質2
d690b23286	竜	2/2	2	竜2
3589d990e9	術	2/2	2	術2
6fa6bc7572	?	0/2	2	
3e3fd48945	疲	2/2	2	疲2
de159c048f	居	2/2	1	居2
8e7a3b29f4	犯	2/2	1	犯2
2b6a690df2	腰	2/2	1	腰2
346feda508	答	2/2	2	答2
998d55e331	焦	2/2	1	焦2
5c3ce88eb6	脯	1/2	2	脯1 捕1
cce98c14e3	歴	2/2	2	歴2
8f86328698	史	2/2	2	史2
efde29abb5	岸	2/2	1	岸2
a62555eefa	祖	2/2	2	祖2
764617cbe6	羊	2/2	2	羊2
5af84a12f1	干	2/2	1	干2
cd6e957629	渉	2/2	1	渉2
1e476a16d6	珍	2/2	2	珍2
6b96de91f8	沢	2/2	2	沢2
46a796aa22	脈	2/2	1	脈2
f51ec70535	周	2/2	2	周2
ed5bb4c467	未	2/2	2	未2
c2f642c235	鋠	2/2	1	鋠2
b743a89097	囲	2/2	2	囲2
7d5d6b92e1	走	2/2	1	走2
1c91067532	比	2/2	2	比2
ea15f50306	吉	2/2	2	吉2
67d56ad864	買	2/2	2	買2
79da510826	沿	2/2	1	沿2
c9849b1a7a	点	2/2	2	点2
637eae0384	促	2/2	2	促2
199f25bf65	輪	2/2	2	輪2
0f38168f23	謎	2/2	2	謎2
65aec8eada	複	2/2	2	複2
24c050ed44	姉	2/2	2	姉2
b7fc2d6387	乗	2/2	2	乗2
663fc737ac	島	2/2	2	島2
12e4d38bfb	晴	2/2	2	晴2
ce971e89c1	吸	2/2	2	吸2
0083ca5131	肩	2/2	2	肩2
f303a43e21	栄	2/2	1	栄2
cd0ad1eec5	便	2/2	2	便2
9a63445160	札	2/2	1	札2
cc41c8863d	防	2/2	1	防2
51d5d132ff	店	2/2	1	店2
2e3a9ca1b8	練	2/2	2	練2
795535be01	?	0/2	2	
265993a0fb	京	2/2	2	京2
7b42cbb8e7	猛	2/2	2	猛2
58e58523ad	院	2/2	2	院2
37f3c22503	赤	2/2	2	赤2
ef007a6cc5	編	2/2	2	編2
7ba5ed0417	半	2/2	2	半2
0531c829b3	?	0/2	2	
d73cdce3b3	車	2/2	1	車2
d9dfb53f28	歓	1/1	1	歓1
7f7f7173fb	連	1/1	1	連1
57f0456ea7	状	1/1	1	状1
3beac7f1a7	計	1/1	1	計1
42491fc680	閤	1/1	1	閤1
03b8e1f3a0	埋	1/1	1	埋1
9b453500ff	字	1/1	1	字1
c60a92eccf	幹	1/1	1	幹1
30f05c1ac1	専	1/1	1	専1
789368ff17	包	1/1	1	包1
13953ac785	組	1/1	1	組1
bcb1662d13	討	1/1	1	討1
ca639204b6	涙	1/1	1	涙1
3d56d111de	転	1/1	1	転1
d3e465e74c	礼	1/1	1	礼1
4229c7a4da	接	1/1	1	接1
e8a5f77e3a	尾	1/1	1	尾1
d9e7b5e306	泣	1/1	1	泣1
15f4acb6a6	?	0/1	1	
cb7f3b77c7	語	1/1	1	語1
b87580d9a8	熊	1/1	1	熊1
bd489d0a01	非	1/1	1	非1
a6943f8624	花	1/1	1	花1
e101e7221b	奇	1/1	1	奇1
0857b9f0d2	碆	1/1	1	碆1
627459e5c7	支	1/1	1	支1
78c63a531f	?	0/1	1	
445fe78718	屈	1/1	1	屈1
272aa1f43e	減	1/1	1	減1
d80c0be75e	倍	1/1	1	倍1
7128933d8b	済	1/1	1	済1
71343581a3	竟	1/1	1	竟1
daec229c7d	牛	1/1	1	牛1
0899db954f	収	1/1	1	収1
31cae4d1b2	河	1/1	1	河1
0a2e222dfa	雲	1/1	1	雲1
0c7c1edcd1	傾	1/1	1	傾1
498ecb3393	策	1/1	1	策1
301a2f6e45	低	1/1	1	低1
c8129b6595	共	1/1	1	共1
8013a4306d	没	1/1	1	没1
3b9d4338fd	秘	1/1	1	秘1
e0cb8cfa71	爆	1/1	1	爆1
913c60cbe9	穴	1/1	1	穴1
5c094b0c83	?	0/1	1	
db327c59d3	滑	1/1	1	滑1
902c4bbc18	挑	1/1	1	挑1
3b3baadbba	丈	1/1	1	丈1
3f8de73990	夫	1/1	1	夫1
c053725b00	耐	1/1	1	耐1
beb078b958	材	1/1	1	材1
187b161206	侵	1/1	1	侵1
0632fd2256	晩	1/1	1	晩1
74a6d17285	憎	1/1	1	憎1
027678864e	誘	1/1	1	誘1
8af683dc9c	拐	1/1	1	拐1
4b0ff76c17	恵	1/1	1	恵1
66fb84180c	医	1/1	1	医1
47fcc271cf	余	1/1	1	余1
0e2f72162a	領	1/1	1	領1
57928f7450	句	1/1	1	句1
0c805aa7af	率	1/1	1	率1
5ea1466d1a	系	1/1	1	系1
427a24a157	豪	1/1	1	豪1
8a9d85b8b8	銅	1/1	1	銅1
ad78a62042	短	1/1	1	短1
9ccedff720	箕	1/1	1	箕1
b90893de92	豊	1/1	1	豊1
8e5a60f23f	訪	1/1	1	訪1
966e842e00	各	1/1	1	各1
52b1f7470b	乱	1/1	1	乱1
4f951f3d33	独	1/1	1	独1
318c8f16b0	働	1/1	1	働1
0ebb369003	普	1/1	1	普1
976ab49cac	福	1/1	1	福1
29ac4841c3	途	1/1	1	途1
4646f13c17	問	1/1	1	問1
8ffc152725	換	1/1	1	換1
226933bd07	?	0/1	1	
61ecfb3fa6	頑	1/1	1	頑1
4e3fba9f41	?	0/1	1	
d43283d1f5	紹	1/1	1	紹1
c6ac306376	介	1/1	1	介1
dc670249e5	談	1/1	1	談1
0596cf6244	務	1/1	1	務1
a4ab3111a2	?	0/1	1	
2a0da99063	継	1/1	1	継1
890426a288	貴	1/1	1	貴1
590f4086c1	優	1/1	1	優1
39be5c11bc	喜	1/1	1	喜1
f3d86e05cd	催	1/1	1	催1
6ff0345bd8	置	1/1	1	置1
06bdd4862b	歯	1/1	1	歯1
74c369b6f2	乙	1/1	1	乙1
7c5bd41f28	権	1/1	1	権1
4346a3f170	示	1/1	1	示1
01de419123	橋	1/1	1	橋1
6797aa6bc7	竅	1/1	1	竅1
f6fa1919fe	?	0/1	1	
43de0236f8	?	0/1	1	
4899aec335	占	1/1	1	占1
6f32717641	詳	1/1	1	詳1
beed61140c	随	1/1	1	随1
12dc87a4fd	等	1/1	1	等1
5fb5f8b902	甦	1/1	1	甦1
77f0d68fab	離	1/1	1	離1
fecc3ca74e	演	1/1	1	演1
500d56bc7a	般	1/1	1	般1
27044973dc	?	0/1	1	
38ff35569c	予	1/1	1	予1
eb124a3d19	汚	1/1	1	汚1
ba13cd28d5	?	0/1	1	
ef51f4c015	服	1/1	1	服1
e93843429e	里	1/1	1	里1
65109a9dfe	招	1/1	1	招1
51254ded14	協	1/1	1	協1
d3a3e22a39	司	1/1	1	司1
9e9da23a48	団	1/1	1	団1
8084e521be	幻	1/1	1	幻1
6f055f363a	鹿	1/1	1	鹿1
96d0fd1eb8	電	1/1	1	電1
8743bbea59	崩	1/1	1	崩1
ec5add8443	紀	1/1	1	紀1
e58583ad17	汞	1/1	1	汞1
f2777c2ac8	浅	1/1	1	浅1
0f357849ee	貯	1/1	1	貯1
2b7f750362	敢	1/1	1	敢1
ad730d4317	肝	1/1	1	肝1
e8cf121a6e	菖	1/1	1	菖1
f252f72321	両	1/1	1	両1
c8d8553372	亡	1/1	1	亡1
76be49e38a	超	1/1	1	超1
693aec15d8	腰	1/1	1	腰1
f17cc3494a	唯	1/1	1	唯1
68234cca5d	幅	1/1	1	幅1
a889631e89	爪	1/1	1	爪1
e56e9e6576	吐	1/1	1	吐1
ac65fb1fca	著	1/1	1	著1
876ce8f5bc	捶	1/1	1	捶1
ec21444eba	背	1/1	1	背1
d1e01a2c7a	被	1/1	1	被1
373f044f61	害	1/1	1	害1
96ff14894b	孫	1/1	1	孫1
7c4464e605	翼	1/1	1	翼1
d681bb15e2	皹	1/1	1	皹1
965610e166	察	1/1	1	察1
1803561e1a	劣	1/1	1	劣1
d2cc85f08f	例	1/1	1	例1
6fe693cbcf	?	0/1	1	
1ee24cfb7d	定	1/1	1	定1
d4254183e6	吹	1/1	1	吹1
17785b4e0c	言	1/1	1	言1
3b9ab84064	?	0/1	1	
bc6911e9dc	?	0/1	1	
a8677aa6e7	銀	1/1	1	銀1
93a34312bd	工	1/1	1	工1
6bc54d3570	職	1/1	1	職1
4e2aab613d	妹	1/1	1	妹1
46f923a82b	堂	1/1	1	堂1
0487bbdb75	?	0/1	1	
58c249af27	鼻	1/1	1	鼻1
