#번호	파일	목록	순번	위치	원문	번역
S0001	X10.BIN	몬스터	0	10BF8	ペースト	
S0002	X10.BIN	몬스터	1	10BFE	ヒュージラット	
S0003	X10.BIN	몬스터	2	10C07	ガラムソルジャー	
S0004	X10.BIN	몬스터	3	10C12	ガラムナイト	
S0005	X10.BIN	몬스터	4	10C1A	ゴブリン	
S0006	X10.BIN	몬스터	5	10C21	グリーンペースト	
S0007	X10.BIN	몬스터	6	10C2C	ダークドワーフ	
S0008	X10.BIN	몬스터	7	10C36	ホブゴブリン	
S0009	X10.BIN	몬스터	8	10C40	ゾンビ	
S0010	X10.BIN	몬스터	9	10C46	ゴーレム	
S0011	X10.BIN	몬스터	10	10C4C	クラーケンレッグ	
S0012	X10.BIN	몬스터	11	10C56	インスマンス	
S0013	X10.BIN	몬스터	12	10C5D	オーク	
S0014	X10.BIN	몬스터	13	10C61	ポーン	
S0015	X10.BIN	몬스터	14	10C66	ナイト	
S0016	X10.BIN	몬스터	15	10C6A	ラット	
S0017	X10.BIN	몬스터	16	10C6E	バブルペースト	
S0018	X10.BIN	몬스터	17	10C79	スケルトン	
S0019	X10.BIN	몬스터	18	10C7F	ヘルソルジャー	
S0020	X10.BIN	몬스터	19	10C88	リザードマン	
S0021	X10.BIN	몬스터	20	10C91	ウォーム	
S0022	X10.BIN	몬스터	21	10C96	ダークナイト	
S0023	X10.BIN	몬스터	22	10C9E	オークロード	
S0024	X10.BIN	몬스터	23	10CA6	デビルアーミー	
S0025	X10.BIN	몬스터	24	10CB0	ケルベロス	
S0026	X10.BIN	몬스터	25	10CB7	マッドマン	
S0027	X10.BIN	몬스터	26	10CBE	ドラゴンニュート	
S0028	X10.BIN	몬스터	27	10CC9	パープルウォーム	
S0029	X10.BIN	몬스터	28	10CD4	エグゼキューター	
S0030	X10.BIN	몬스터	29	10CDF	ヘルハウンド	
S0031	X10.BIN	몬스터	30	10CE7	ミノタウロス	
S0032	X10.BIN	몬스터	31	10CEE	サイクロプス	
S0033	X10.BIN	몬스터	32	10CF6	バーストロック	
S0034	X10.BIN	몬스터	33	10CFF	ヒドラ	
S0035	X10.BIN	몬스터	34	10D04	カオスウォリアー	
S0036	X10.BIN	몬스터	35	10D0D	デスゴッド	
S0037	X10.BIN	몬스터	36	10D16	イビルビースト	
S0038	X10.BIN	몬스터	37	10D20	パイロヒドラ	
S0039	X10.BIN	몬스터	38	10D29	ゼオンガード	
S0040	X10.BIN	몬스터	39	10D33	ギズモ	
S0041	X10.BIN	몬스터	40	10D39	オオコウモリ	
S0042	X10.BIN	몬스터	41	10D40	バンパイアバット	
S0043	X10.BIN	몬스터	42	10D4C	イビルクラウド	
S0044	X10.BIN	몬스터	43	10D56	ガーゴイル	
S0045	X10.BIN	몬스터	44	10D5E	ハーピィ	
S0046	X10.BIN	몬스터	45	10D64	レッサーデーモン	
S0047	X10.BIN	몬스터	46	10D6E	ワイバーン	
S0048	X10.BIN	몬스터	47	10D75	ハーピィクイーン	
S0049	X10.BIN	몬스터	48	10D7F	ペガサスナイト	
S0050	X10.BIN	몬스터	49	10D89	グリフォン	
S0051	X10.BIN	몬스터	50	10D90	ミストデーモン	
S0052	X10.BIN	몬스터	51	10D99	ホワイトドラゴン	
S0053	X10.BIN	몬스터	52	10DA4	デーモン	
S0054	X10.BIN	몬스터	53	10DAA	カオスドラゴン	
S0055	X10.BIN	몬스터	54	10DB4	デビルグリフォン	
S0056	X10.BIN	몬스터	55	10DC0	アークデーモン	
S0057	X10.BIN	몬스터	56	10DC9	ガラムアーチャー	
S0058	X10.BIN	몬스터	57	10DD3	ハンターゴブリン	
S0059	X10.BIN	몬스터	58	10DDE	デスアーチャー	
S0060	X10.BIN	몬스터	59	10DE7	クラーケンアーム	
S0061	X10.BIN	몬스터	60	10DF0	ボウシューター	
S0062	X10.BIN	몬스터	61	10DF9	ルーク	
S0063	X10.BIN	몬스터	62	10DFD	ダークスナイパー	
S0064	X10.BIN	몬스터	63	10E08	ボウマスター	
S0065	X10.BIN	몬스터	64	10E10	ボウライダー	
S0066	X10.BIN	몬스터	65	10E19	ヘルガンナー	
S0067	X10.BIN	몬스터	66	10E21	ホースマン	
S0068	X10.BIN	몬스터	67	10E27	ガラムメイジ	
S0069	X10.BIN	몬스터	68	10E30	ウィッチ	
S0070	X10.BIN	몬스터	69	10E35	マスターメイジ	
S0071	X10.BIN	몬스터	70	10E3E	ダークマダム	
S0072	X10.BIN	몬스터	71	10E47	クイーン	
S0073	X10.BIN	몬스터	72	10E4C	ウィザード	
S0074	X10.BIN	몬스터	73	10E54	ネクロマンサー	
S0075	X10.BIN	몬스터	74	10E5C	カオスウィザード	
S0076	X10.BIN	몬스터	75	10E67	デーモンマスター	
S0077	X10.BIN	몬스터	76	10E71	プリースト	
S0078	X10.BIN	몬스터	77	10E78	デスモンク	
S0079	X10.BIN	몬스터	78	10E7F	ブラックモンク	
S0080	X10.BIN	몬스터	79	10E88	ハイプリースト	
S0081	X10.BIN	몬스터	80	10E91	ビショップ	
S0082	X10.BIN	몬스터	81	10E99	ダークビショップ	
S0083	X10.BIN	몬스터	82	10EA5	マスターモンク	
S0084	X10.BIN	몬스터	83	10EAD	シャーマン	
S0085	X10.BIN	몬스터	84	10EB3	イビルビショップ	
S0086	X10.BIN	몬스터	85	10EBF	ブルー	
S0087	X10.BIN	몬스터	86	10EC4	ダークスモーク	
S0088	X10.BIN	몬스터	87	10ECD	クラーケンヘッド	
S0089	X10.BIN	몬스터	88	10ED7	タロス	
S0090	X10.BIN	몬스터	89	10EDB	キング	
S0091	X10.BIN	몬스터	90	10EE0	ウィラード	
S0092	X10.BIN	몬스터	91	10EE7	ザルバード	
S0093	X10.BIN	몬스터	92	10EF0	カミーラ	
S0094	X10.BIN	몬스터	93	10EF5	プリズムフラワー	
S0095	X10.BIN	몬스터	94	10F00	レッドバロン	
S0096	X10.BIN	몬스터	95	10F09	ゲシュプ	
S0097	X10.BIN	몬스터	96	10F10	オッドアイ	
S0098	X10.BIN	몬스터	97	10F17	ガラム	
S0099	X10.BIN	몬스터	98	10F1C	ゼオン	
S0100	X10.BIN	몬스터	99	10F21	ファルコン	
S0101	X10.BIN	몬스터	100	10F27	マスターメイジ	
S0102	X10.BIN	몬스터	101	10F30	ネクロマンサー	
S0103	X10.BIN	몬스터	102	10F38	ブルー	
S0104	X10.BIN	아이템·오브·장비	0	10F3E	そうびしない	
S0105	X10.BIN	아이템·오브·장비	1	10F46	やくそう	
S0106	X10.BIN	아이템·오브·장비	2	10F4B	クスリ	
S0107	X10.BIN	아이템·오브·장비	3	10F4F	てんしのはね	
S0108	X10.BIN	아이템·오브·장비	4	10F56	パッセージミラー	
S0109	X10.BIN	아이템·오브·장비	5	10F61	あかいカギ	
S0110	X10.BIN	아이템·오브·장비	6	10F68	あおいカギ	
S0111	X10.BIN	아이템·오브·장비	7	10F6F	きろくのしょ	
S0112	X10.BIN	아이템·오브·장비	8	10F76	めざめのいし	
S0113	X10.BIN	아이템·오브·장비	9	10F7E	シルバーボトル	
S0114	X10.BIN	아이템·오브·장비	10	10F88	せんにんのみず	
S0115	X10.BIN	아이템·오브·장비	11	10F91	ホビットのくすり	
S0116	X10.BIN	아이템·오브·장비	12	10F9B	グドーのカギ	
S0117	X10.BIN	아이템·오브·장비	13	10FA5	きいろいカギ	
S0118	X10.BIN	아이템·오브·장비	14	10FAD	みどりのカギ	
S0119	X10.BIN	아이템·오브·장비	15	10FB6	ミラクルダイアリー	
S0120	X10.BIN	아이템·오브·장비	16	10FC1	そうびしない	
S0121	X10.BIN	아이템·오브·장비	17	10FC9	スパークオーブ	
S0122	X10.BIN	아이템·오브·장비	18	10FD3	フリーズオーブ	
S0123	X10.BIN	아이템·오브·장비	19	10FDD	ブレイズオーブ	
S0124	X10.BIN	아이템·오브·장비	20	10FE8	ブラストオーブ	
S0125	X10.BIN	아이템·오브·장비	21	10FF2	プロテクトオーブ	
S0126	X10.BIN	아이템·오브·장비	22	10FFD	ゲイルオーブ	
S0127	X10.BIN	아이템·오브·장비	23	11006	パワーオーブ	
S0128	X10.BIN	아이템·오브·장비	24	1100F	ダズールオーブ	
S0129	X10.BIN	아이템·오브·장비	25	1101A	リバースオーブ	
S0130	X10.BIN	아이템·오브·장비	26	11024	スモールオーブ	
S0131	X10.BIN	아이템·오브·장비	27	1102D	いいい	
S0132	X10.BIN	아이템·오브·장비	28	11031	いいい	
S0133	X10.BIN	아이템·오브·장비	29	11035	いいい	
S0134	X10.BIN	아이템·오브·장비	30	11039	いいい	
S0135	X10.BIN	아이템·오브·장비	31	1103D	いいい	
S0136	X10.BIN	아이템·오브·장비	32	11041	そうびしない	
S0137	X10.BIN	아이템·오브·장비	33	11049	ショートソード	
S0138	X10.BIN	아이템·오브·장비	34	11052	バトルソード	
S0139	X10.BIN	아이템·오브·장비	35	1105B	シャイニングソード	
S0140	X10.BIN	아이템·오브·장비	36	11067	ヘビーシューズ	
S0141	X10.BIN	아이템·오브·장비	37	11071	スリップシューズ	
S0142	X10.BIN	아이템·오브·장비	38	1107C	パワーグラブ	
S0143	X10.BIN	아이템·오브·장비	39	11086	パワフルグラブ	
S0144	X10.BIN	아이템·오브·장비	40	11091	マジックハンド	
S0145	X10.BIN	아이템·오브·장비	41	1109B	モンキースーツ	
S0146	X10.BIN	아이템·오브·장비	42	110A3	もぐらハンド	
S0147	X10.BIN	아이템·오브·장비	43	110AC	ジャンプシューズ	
S0148	X10.BIN	아이템·오브·장비	44	110B8	ジャンプブーツ	
S0149	X10.BIN	아이템·오브·장비	45	110C3	ペガサスヘルム	
S0150	X10.BIN	아이템·오브·장비	46	110CD	ジュードースーツ	
S0151	X10.BIN	아이템·오브·장비	47	110D8	どいてなUSO	
S0152	X10.BIN	아이템·오브·장비	48	110E1	ささやきのかい	
S0153	X10.BIN	아이템·오브·장비	49	110E9	マジカルぱじゃま	
S0154	X10.BIN	아이템·오브·장비	50	110F5	ううう	
S0155	X10.BIN	아이템·오브·장비	51	110F9	ううう	
S0156	X10.BIN	아이템·오브·장비	52	110FD	ううう	
S0157	X10.BIN	아이템·오브·장비	53	11101	ううう	
S0158	X10.BIN	아이템·오브·장비	54	11105	ううう	
S0159	X10.BIN	아이템·오브·장비	55	11109	ううう	
S0160	X10.BIN	아이템·오브·장비	56	1110D	ライフA	
S0161	X10.BIN	아이템·오브·장비	57	11112	ライフB	
S0162	X10.BIN	아이템·오브·장비	58	11117	ライフC	
S0163	X10.BIN	아이템·오브·장비	59	1111C	ううう	
S0164	X10.BIN	아이템·오브·장비	60	11120	1ゴールド	
S0165	X10.BIN	아이템·오브·장비	61	11128	5ゴールド	
S0166	X10.BIN	아이템·오브·장비	62	11130	10ゴールド	
S0167	X10.BIN	아이템·오브·장비	63	11139	ううう	
S0168	X10.BIN	지명	0	11AAA	おうけのはか	
S0169	X10.BIN	지명	1	11AB1	すなのめいきゅう	
S0170	X10.BIN	지명	2	11ABA	せんねんじゅ	
S0171	X10.BIN	지명	3	11AC2	オデガンじょう	
S0172	X10.BIN	지명	4	11ACD	オデガンちほう	
S0173	X10.BIN	지명	5	11AD7	オデガンじょうかまち	
S0174	X10.BIN	지명	6	11AE5	おじいさんのいえ	
S0175	X10.BIN	지명	7	11AEF	かぜのめいきゅう	
S0176	X10.BIN	지명	8	11AF9	ちゅうしんぶ	
S0177	X10.BIN	지명	9	11B01	てんくうのめいきゅう	
S0178	X10.BIN	지명	10	11B0C	ひのめいきゅう	
S0179	X10.BIN	지명	11	11B14	おうけのひみつのめいきゅう	
S0180	X10.BIN	지명	12	11B22	グドーのたに	
S0181	X10.BIN	지명	13	11B2B	とおりぬけどうくつ	
S0182	X10.BIN	지명	14	11B36	こふん	
S0183	X10.BIN	지명	15	11B3A	まよいのもり	
S0184	X10.BIN	지명	16	11B41	ひかりのめいきゅう	
S0185	X10.BIN	지명	17	11B4B	みずのめいきゅう	
S0186	X10.BIN	지명	18	11B55	ちょうやくのめいきゅう	
S0187	X10.BIN	지명	19	11B61	ホビットのむら	
S0188	X10.BIN	지명	20	11B6A	かがみのめいきゅう	
S0189	X10.BIN	지명	21	11B75	ちかだいめいきゅう	
S0190	X10.BIN	지명	22	11B80	タイトル	
S0191	X10.BIN	지명	23	11B85	ゆめ	
S0192	X10.BIN	지명	24	11B88	ドイテナアルミックサーキット	
S0193	X10.BIN	설명	0	11B99	なにも つかわない	
S0194	X10.BIN	설명	1	11BA3	ライフを 3つぶん かいふくできる	
S0195	X10.BIN	설명	2	11BB7	ライフを 10コぶん かいふくできる	
S0196	X10.BIN	설명	3	11BCC	めいきゅうの いりぐちに ワープできる	
S0197	X10.BIN	설명	4	11BE3	まほうのかかった ふしぎなカガミだ	
S0198	X10.BIN	설명	5	11BF8	あかいトビラを ひらくことができる	
S0199	X10.BIN	설명	6	11C0D	あおいトビラを ひらくことができる	
S0200	X10.BIN	설명	7	11C22	めいきゅうのいりぐちで きろくできる	
S0201	X10.BIN	설명	8	11C38	まほうのかかった ふしぎないしだ	
S0202	X10.BIN	설명	9	11C4B	まほうのクスリを いれるボトルだ	
S0203	X10.BIN	설명	10	11C5E	よわったからだを かいふくしてくれる	
S0204	X10.BIN	설명	11	11C72	ライフを ぜんかいふくできる	
S0205	X10.BIN	설명	12	11C83	グドーのトビラを ひらくことができる	
S0206	X10.BIN	설명	13	11C9B	きいろいトビラを ひらくことができる	
S0207	X10.BIN	설명	14	11CB1	みどりのトビラを ひらくことができる	
S0208	X10.BIN	설명	15	11CC8	どんなところでも きろくできる	
S0209	X10.BIN	설명	16	11CDB	まほうは つかわない	
S0210	X10.BIN	설명	17	11CE6	スパークのまほうが つかえる	
S0211	X10.BIN	설명	18	11CF7	フリーズのまほうが つかえる	
S0212	X10.BIN	설명	19	11D08	ブレイズのまほうが つかえる	
S0213	X10.BIN	설명	20	11D1A	ブラストのまほうが つかえる	
S0214	X10.BIN	설명	21	11D2B	なぐられても いたくない?	
S0215	X10.BIN	설명	22	11D3A	しっぷうのように すばやくなる	
S0216	X10.BIN	설명	23	11D4C	たいあたりの いりょくが アップする	
S0217	X10.BIN	설명	24	11D61	コンフューズの まほうが つかえる?	
S0218	X10.BIN	설명	25	11D76	まえにすすむと うしろにもどーる	
S0219	X10.BIN	설명	26	11D88	ちいさくなーれー	
S0220	X10.BIN	설명	27	11D91	つかってない	
S0221	X10.BIN	설명	28	11D98	つかってない	
S0222	X10.BIN	설명	29	11D9F	つかってない	
S0223	X10.BIN	설명	30	11DA6	つかってない	
S0224	X10.BIN	설명	31	11DAD	つかってない	
S0225	X10.BIN	설명	32	11DB4	なにも もたない	
S0226	X10.BIN	설명	33	11DBD	へいしのつかう ふつうのつるぎだ	
S0227	X10.BIN	설명	34	11DD0	すこしおもい いりょくのあるつるぎだ	
S0228	X10.BIN	설명	35	11DE5	まほうのかかった さいきょうのつるぎだ	
S0229	X10.BIN	설명	36	11DFB	もろいゆかを ふみぬいたりできる	
S0230	X10.BIN	설명	37	11E0D	せまいスキマを すりぬけられる	
S0231	X10.BIN	설명	38	11E1D	おもいものを もちあげられる	
S0232	X10.BIN	설명	39	11E2D	おもいものを もちあげられる2	
S0233	X10.BIN	설명	40	11E3E	とおくのものや てきに パンチをとばす	
S0234	X10.BIN	설명	41	11E54	ツタなどを のぼりおりできる	
S0235	X10.BIN	설명	42	11E66	すなのなかを いどうできる	
S0236	X10.BIN	설명	43	11E76	はなれたところに ジャンプできる	
S0237	X10.BIN	설명	44	11E8A	どこまでも とおくにとべる ブーツだ	
S0238	X10.BIN	설명	45	11EA2	プレートをふむと とぶことができる	
S0239	X10.BIN	설명	46	11EB8	モンスターを なげとばせる?	
S0240	X10.BIN	설명	47	11EC9	こだいのたからの オフロードカーだ?	
S0241	X10.BIN	설명	48	11EDF	きのせいや どうぶつと はなしができる	
S0242	X10.BIN	설명	49	11EF7	やどやにとまるのと おなじこうかがえられる	
S0243	X10.BIN	설명	50	11F10	つかってないよ	
S0244	X10.BIN	설명	51	11F18	つかってないよ	
S0245	X10.BIN	설명	52	11F20	つかってない	
S0246	X10.BIN	설명	53	11F27	つかってないよ	
S0247	X10.BIN	설명	54	11F2F	つかってない	
S0248	X10.BIN	설명	55	11F36	つかってないよ	
S0249	X10.BIN	설명	56	11F3E	ライフアップA	
S0250	X10.BIN	설명	57	11F47	ライフアップB	
S0251	X10.BIN	설명	58	11F50	ライフアップC	
S0252	X10.BIN	설명	59	11F59	つかってない	
S0253	X10.BIN	설명	60	11F60	1えんだま	
S0254	X10.BIN	설명	61	11F67	5えんだま	
S0255	X10.BIN	설명	62	11F6E	10えんだま	
S0256	X10.BIN	설명	63	11F76	おわりだよ	
